{"cameraMode":{"drawMode":0,"name":"Shaded","section":"Shading Mode"},"sceneLighting":true,"audioPlay":false,"sceneViewState":{"m_AlwaysRefresh":false,"showFog":true,"showSkybox":true,"showFlares":true,"showImageEffects":true,"showParticleSystems":true,"showVisualEffectGraphs":true,"m_FxEnabled":false},"in2DMode":false,"pivot":{"x":-0.21759414672851563,"y":-0.8287601470947266,"z":1.5629825592041016},"rotation":{"x":0.32448822259902956,"y":-0.3811589479446411,"z":0.1449299156665802,"w":0.8535276055335999},"size":14.043010711669922,"orthographic":false}