{"cameraMode":{"drawMode":0,"name":"Shaded","section":"Shading Mode"},"sceneLighting":true,"audioPlay":false,"sceneViewState":{"m_AlwaysRefresh":false,"showFog":true,"showSkybox":true,"showFlares":true,"showImageEffects":true,"showParticleSystems":true,"showVisualEffectGraphs":true,"m_FxEnabled":false},"in2DMode":false,"pivot":{"x":-2.6943740844726564,"y":6.807199954986572,"z":-0.29808592796325686},"rotation":{"x":-0.12205448746681214,"y":-0.12264759093523026,"z":0.015200716443359852,"w":-0.9848001599311829},"size":14.021839141845704,"orthographic":false}