{"cameraMode":{"drawMode":0,"name":"Shaded","section":"Shading Mode"},"sceneLighting":true,"audioPlay":false,"sceneViewState":{"m_AlwaysRefresh":false,"showFog":true,"showSkybox":true,"showFlares":true,"showImageEffects":true,"showParticleSystems":true,"showVisualEffectGraphs":true,"m_FxEnabled":false},"in2DMode":false,"pivot":{"x":-1.9905319213867188,"y":-0.16157150268554688,"z":0.8776950836181641},"rotation":{"x":-0.06199813261628151,"y":0.8940771818161011,"z":-0.42398399114608767,"w":-0.1307389885187149},"size":11.49634075164795,"orthographic":false}