{"cameraMode":{"drawMode":0,"name":"Shaded","section":"Shading Mode"},"sceneLighting":false,"audioPlay":false,"sceneViewState":{"m_AlwaysRefresh":false,"showFog":true,"showSkybox":false,"showFlares":true,"showImageEffects":true,"showParticleSystems":true,"showVisualEffectGraphs":true,"m_FxEnabled":false},"in2DMode":false,"pivot":{"x":1.0848952531814576,"y":0.7138001918792725,"z":-2.069451332092285},"rotation":{"x":-0.12205448746681214,"y":-0.12264759093523026,"z":0.015200716443359852,"w":-0.9848001599311829},"size":1.0957465171813965,"orthographic":false}